Copyright 1986-2019 Xilinx, Inc. All Rights Reserved.
--------------------------------------------------------------------------------------------------------------------------------------------------------------------------------
| Tool Version : Vivado v.2019.1 (win64) Build 2552052 Fri May 24 14:49:42 MDT 2019
| Date         : Tue Jun 23 10:42:13 2026
| Host         : hp-VICTUS running 64-bit major release  (build 9200)
| Command      : report_timing_summary -max_paths 10 -file top_timing_summary_routed.rpt -pb top_timing_summary_routed.pb -rpx top_timing_summary_routed.rpx -warn_on_violation
| Design       : top
| Device       : 7a35t-cpg236
| Speed File   : -1  PRODUCTION 1.23 2018-06-13
--------------------------------------------------------------------------------------------------------------------------------------------------------------------------------

Timing Summary Report

------------------------------------------------------------------------------------------------
| Timer Settings
| --------------
------------------------------------------------------------------------------------------------

  Enable Multi Corner Analysis               :  Yes
  Enable Pessimism Removal                   :  Yes
  Pessimism Removal Resolution               :  Nearest Common Node
  Enable Input Delay Default Clock           :  No
  Enable Preset / Clear Arcs                 :  No
  Disable Flight Delays                      :  No
  Ignore I/O Paths                           :  No
  Timing Early Launch at Borrowing Latches   :  No
  Borrow Time for Max Delay Exceptions       :  Yes

  Corner  Analyze    Analyze    
  Name    Max Paths  Min Paths  
  ------  ---------  ---------  
  Slow    Yes        Yes        
  Fast    Yes        Yes        



check_timing report

Table of Contents
-----------------
1. checking no_clock
2. checking constant_clock
3. checking pulse_width_clock
4. checking unconstrained_internal_endpoints
5. checking no_input_delay
6. checking no_output_delay
7. checking multiple_clock
8. checking generated_clocks
9. checking loops
10. checking partial_input_delay
11. checking partial_output_delay
12. checking latch_loops

1. checking no_clock
--------------------
 There are 0 register/latch pins with no clock.


2. checking constant_clock
--------------------------
 There are 0 register/latch pins with constant_clock.


3. checking pulse_width_clock
-----------------------------
 There are 0 register/latch pins which need pulse_width check


4. checking unconstrained_internal_endpoints
--------------------------------------------
 There are 0 pins that are not constrained for maximum delay.

 There are 0 pins that are not constrained for maximum delay due to constant clock.


5. checking no_input_delay
--------------------------
 There are 7 input ports with no input delay specified. (HIGH)

 There are 0 input ports with no input delay but user has a false path constraint.


6. checking no_output_delay
---------------------------
 There are 11 ports with no output delay specified. (HIGH)

 There are 0 ports with no output delay but user has a false path constraint

 There are 0 ports with no output delay but with a timing clock defined on it or propagating through it


7. checking multiple_clock
--------------------------
 There are 0 register/latch pins with multiple clocks.


8. checking generated_clocks
----------------------------
 There are 0 generated clocks that are not connected to a clock source.


9. checking loops
-----------------
 There are 0 combinational loops in the design.


10. checking partial_input_delay
--------------------------------
 There are 0 input ports with partial input delay specified.


11. checking partial_output_delay
---------------------------------
 There are 0 ports with partial output delay specified.


12. checking latch_loops
------------------------
 There are 0 combinational latch loops in the design through latch input



------------------------------------------------------------------------------------------------
| Design Timing Summary
| ---------------------
------------------------------------------------------------------------------------------------

    WNS(ns)      TNS(ns)  TNS Failing Endpoints  TNS Total Endpoints      WHS(ns)      THS(ns)  THS Failing Endpoints  THS Total Endpoints     WPWS(ns)     TPWS(ns)  TPWS Failing Endpoints  TPWS Total Endpoints  
    -------      -------  ---------------------  -------------------      -------      -------  ---------------------  -------------------     --------     --------  ----------------------  --------------------  
      2.569        0.000                      0                 6885        0.107        0.000                      0                 6885        3.750        0.000                       0                  1130  


All user specified timing constraints are met.


------------------------------------------------------------------------------------------------
| Clock Summary
| -------------
------------------------------------------------------------------------------------------------

Clock        Waveform(ns)       Period(ns)      Frequency(MHz)
-----        ------------       ----------      --------------
sys_clk_pin  {0.000 5.000}      10.000          100.000         


------------------------------------------------------------------------------------------------
| Intra Clock Table
| -----------------
------------------------------------------------------------------------------------------------

Clock             WNS(ns)      TNS(ns)  TNS Failing Endpoints  TNS Total Endpoints      WHS(ns)      THS(ns)  THS Failing Endpoints  THS Total Endpoints     WPWS(ns)     TPWS(ns)  TPWS Failing Endpoints  TPWS Total Endpoints  
-----             -------      -------  ---------------------  -------------------      -------      -------  ---------------------  -------------------     --------     --------  ----------------------  --------------------  
sys_clk_pin         2.569        0.000                      0                 6885        0.107        0.000                      0                 6885        3.750        0.000                       0                  1130  


------------------------------------------------------------------------------------------------
| Inter Clock Table
| -----------------
------------------------------------------------------------------------------------------------

From Clock    To Clock          WNS(ns)      TNS(ns)  TNS Failing Endpoints  TNS Total Endpoints      WHS(ns)      THS(ns)  THS Failing Endpoints  THS Total Endpoints  
----------    --------          -------      -------  ---------------------  -------------------      -------      -------  ---------------------  -------------------  


------------------------------------------------------------------------------------------------
| Other Path Groups Table
| -----------------------
------------------------------------------------------------------------------------------------

Path Group    From Clock    To Clock          WNS(ns)      TNS(ns)  TNS Failing Endpoints  TNS Total Endpoints      WHS(ns)      THS(ns)  THS Failing Endpoints  THS Total Endpoints  
----------    ----------    --------          -------      -------  ---------------------  -------------------      -------      -------  ---------------------  -------------------  


------------------------------------------------------------------------------------------------
| Timing Details
| --------------
------------------------------------------------------------------------------------------------


---------------------------------------------------------------------------------------------------
From Clock:  sys_clk_pin
  To Clock:  sys_clk_pin

Setup :            0  Failing Endpoints,  Worst Slack        2.569ns,  Total Violation        0.000ns
Hold  :            0  Failing Endpoints,  Worst Slack        0.107ns,  Total Violation        0.000ns
PW    :            0  Failing Endpoints,  Worst Slack        3.750ns,  Total Violation        0.000ns
---------------------------------------------------------------------------------------------------


Max Delay Paths
--------------------------------------------------------------------------------------
Slack (MET) :             2.569ns  (required time - arrival time)
  Source:                 soc_inst/cpu/mem_addr_reg[5]_rep__0/C
                            (rising edge-triggered cell FDRE clocked by sys_clk_pin  {rise@0.000ns fall@5.000ns period=10.000ns})
  Destination:            soc_inst/mem_rdata_reg[8]/D
                            (rising edge-triggered cell FDRE clocked by sys_clk_pin  {rise@0.000ns fall@5.000ns period=10.000ns})
  Path Group:             sys_clk_pin
  Path Type:              Setup (Max at Slow Process Corner)
  Requirement:            10.000ns  (sys_clk_pin rise@10.000ns - sys_clk_pin rise@0.000ns)
  Data Path Delay:        7.475ns  (logic 1.526ns (20.414%)  route 5.949ns (79.586%))
  Logic Levels:           4  (LUT6=1 MUXF7=1 MUXF8=1 RAMS64E=1)
  Clock Path Skew:        0.050ns (DCD - SCD + CPR)
    Destination Clock Delay (DCD):    4.860ns = ( 14.860 - 10.000 ) 
    Source Clock Delay      (SCD):    5.070ns
    Clock Pessimism Removal (CPR):    0.260ns
  Clock Uncertainty:      0.035ns  ((TSJ^2 + TIJ^2)^1/2 + DJ) / 2 + PE
    Total System Jitter     (TSJ):    0.071ns
    Total Input Jitter      (TIJ):    0.000ns
    Discrete Jitter          (DJ):    0.000ns
    Phase Error              (PE):    0.000ns

    Location             Delay type                Incr(ns)  Path(ns)    Netlist Resource(s)
  -------------------------------------------------------------------    -------------------
                         (clock sys_clk_pin rise edge)
                                                      0.000     0.000 r  
    W5                                                0.000     0.000 r  clk (IN)
                         net (fo=0)                   0.000     0.000    clk
    W5                   IBUF (Prop_ibuf_I_O)         1.458     1.458 r  clk_IBUF_inst/O
                         net (fo=1, routed)           1.967     3.425    clk_IBUF
    BUFGCTRL_X0Y0        BUFG (Prop_bufg_I_O)         0.096     3.521 r  clk_IBUF_BUFG_inst/O
                         net (fo=1129, routed)        1.549     5.070    soc_inst/cpu/clk_IBUF_BUFG
    SLICE_X11Y24         FDRE                                         r  soc_inst/cpu/mem_addr_reg[5]_rep__0/C
  -------------------------------------------------------------------    -------------------
    SLICE_X11Y24         FDRE (Prop_fdre_C_Q)         0.419     5.489 r  soc_inst/cpu/mem_addr_reg[5]_rep__0/Q
                         net (fo=169, routed)         4.668    10.157    soc_inst/memory_reg_768_1023_8_8/A3
    SLICE_X2Y1           RAMS64E (Prop_rams64e_ADR3_O)
                                                      0.486    10.643 r  soc_inst/memory_reg_768_1023_8_8/RAMS64E_A/O
                         net (fo=1, routed)           0.000    10.643    soc_inst/memory_reg_768_1023_8_8/OA
    SLICE_X2Y1           MUXF7 (Prop_muxf7_I1_O)      0.214    10.857 r  soc_inst/memory_reg_768_1023_8_8/F7.A/O
                         net (fo=1, routed)           0.000    10.857    soc_inst/memory_reg_768_1023_8_8/O1
    SLICE_X2Y1           MUXF8 (Prop_muxf8_I1_O)      0.088    10.945 r  soc_inst/memory_reg_768_1023_8_8/F8/O
                         net (fo=1, routed)           1.282    12.226    soc_inst/cpu/mem_rdata_reg[8]
    SLICE_X3Y5           LUT6 (Prop_lut6_I0_O)        0.319    12.545 r  soc_inst/cpu/mem_rdata[8]_i_1/O
                         net (fo=1, routed)           0.000    12.545    soc_inst/cpu_n_52
    SLICE_X3Y5           FDRE                                         r  soc_inst/mem_rdata_reg[8]/D
  -------------------------------------------------------------------    -------------------

                         (clock sys_clk_pin rise edge)
                                                     10.000    10.000 r  
    W5                                                0.000    10.000 r  clk (IN)
                         net (fo=0)                   0.000    10.000    clk
    W5                   IBUF (Prop_ibuf_I_O)         1.388    11.388 r  clk_IBUF_inst/O
                         net (fo=1, routed)           1.862    13.250    clk_IBUF
    BUFGCTRL_X0Y0        BUFG (Prop_bufg_I_O)         0.091    13.341 r  clk_IBUF_BUFG_inst/O
                         net (fo=1129, routed)        1.519    14.860    soc_inst/clk_IBUF_BUFG
    SLICE_X3Y5           FDRE                                         r  soc_inst/mem_rdata_reg[8]/C
                         clock pessimism              0.260    15.120    
                         clock uncertainty           -0.035    15.085    
    SLICE_X3Y5           FDRE (Setup_fdre_C_D)        0.029    15.114    soc_inst/mem_rdata_reg[8]
  -------------------------------------------------------------------
                         required time                         15.114    
                         arrival time                         -12.545    
  -------------------------------------------------------------------
                         slack                                  2.569    

Slack (MET) :             2.639ns  (required time - arrival time)
  Source:                 soc_inst/cpu/mem_addr_reg[5]_rep__0/C
                            (rising edge-triggered cell FDRE clocked by sys_clk_pin  {rise@0.000ns fall@5.000ns period=10.000ns})
  Destination:            soc_inst/mem_rdata_reg[9]/D
                            (rising edge-triggered cell FDRE clocked by sys_clk_pin  {rise@0.000ns fall@5.000ns period=10.000ns})
  Path Group:             sys_clk_pin
  Path Type:              Setup (Max at Slow Process Corner)
  Requirement:            10.000ns  (sys_clk_pin rise@10.000ns - sys_clk_pin rise@0.000ns)
  Data Path Delay:        7.403ns  (logic 1.526ns (20.613%)  route 5.877ns (79.387%))
  Logic Levels:           4  (LUT6=1 MUXF7=1 MUXF8=1 RAMS64E=1)
  Clock Path Skew:        0.048ns (DCD - SCD + CPR)
    Destination Clock Delay (DCD):    4.858ns = ( 14.858 - 10.000 ) 
    Source Clock Delay      (SCD):    5.070ns
    Clock Pessimism Removal (CPR):    0.260ns
  Clock Uncertainty:      0.035ns  ((TSJ^2 + TIJ^2)^1/2 + DJ) / 2 + PE
    Total System Jitter     (TSJ):    0.071ns
    Total Input Jitter      (TIJ):    0.000ns
    Discrete Jitter          (DJ):    0.000ns
    Phase Error              (PE):    0.000ns

    Location             Delay type                Incr(ns)  Path(ns)    Netlist Resource(s)
  -------------------------------------------------------------------    -------------------
                         (clock sys_clk_pin rise edge)
                                                      0.000     0.000 r  
    W5                                                0.000     0.000 r  clk (IN)
                         net (fo=0)                   0.000     0.000    clk
    W5                   IBUF (Prop_ibuf_I_O)         1.458     1.458 r  clk_IBUF_inst/O
                         net (fo=1, routed)           1.967     3.425    clk_IBUF
    BUFGCTRL_X0Y0        BUFG (Prop_bufg_I_O)         0.096     3.521 r  clk_IBUF_BUFG_inst/O
                         net (fo=1129, routed)        1.549     5.070    soc_inst/cpu/clk_IBUF_BUFG
    SLICE_X11Y24         FDRE                                         r  soc_inst/cpu/mem_addr_reg[5]_rep__0/C
  -------------------------------------------------------------------    -------------------
    SLICE_X11Y24         FDRE (Prop_fdre_C_Q)         0.419     5.489 r  soc_inst/cpu/mem_addr_reg[5]_rep__0/Q
                         net (fo=169, routed)         4.840    10.329    soc_inst/memory_reg_256_511_9_9/A3
    SLICE_X6Y0           RAMS64E (Prop_rams64e_ADR3_O)
                                                      0.486    10.815 r  soc_inst/memory_reg_256_511_9_9/RAMS64E_A/O
                         net (fo=1, routed)           0.000    10.815    soc_inst/memory_reg_256_511_9_9/OA
    SLICE_X6Y0           MUXF7 (Prop_muxf7_I1_O)      0.214    11.029 r  soc_inst/memory_reg_256_511_9_9/F7.A/O
                         net (fo=1, routed)           0.000    11.029    soc_inst/memory_reg_256_511_9_9/O1
    SLICE_X6Y0           MUXF8 (Prop_muxf8_I1_O)      0.088    11.117 r  soc_inst/memory_reg_256_511_9_9/F8/O
                         net (fo=1, routed)           1.037    12.154    soc_inst/cpu/mem_rdata_reg[9]_1
    SLICE_X4Y5           LUT6 (Prop_lut6_I3_O)        0.319    12.473 r  soc_inst/cpu/mem_rdata[9]_i_1/O
                         net (fo=1, routed)           0.000    12.473    soc_inst/cpu_n_53
    SLICE_X4Y5           FDRE                                         r  soc_inst/mem_rdata_reg[9]/D
  -------------------------------------------------------------------    -------------------

                         (clock sys_clk_pin rise edge)
                                                     10.000    10.000 r  
    W5                                                0.000    10.000 r  clk (IN)
                         net (fo=0)                   0.000    10.000    clk
    W5                   IBUF (Prop_ibuf_I_O)         1.388    11.388 r  clk_IBUF_inst/O
                         net (fo=1, routed)           1.862    13.250    clk_IBUF
    BUFGCTRL_X0Y0        BUFG (Prop_bufg_I_O)         0.091    13.341 r  clk_IBUF_BUFG_inst/O
                         net (fo=1129, routed)        1.517    14.858    soc_inst/clk_IBUF_BUFG
    SLICE_X4Y5           FDRE                                         r  soc_inst/mem_rdata_reg[9]/C
                         clock pessimism              0.260    15.118    
                         clock uncertainty           -0.035    15.083    
    SLICE_X4Y5           FDRE (Setup_fdre_C_D)        0.029    15.112    soc_inst/mem_rdata_reg[9]
  -------------------------------------------------------------------
                         required time                         15.112    
                         arrival time                         -12.473    
  -------------------------------------------------------------------
                         slack                                  2.639    

Slack (MET) :             2.720ns  (required time - arrival time)
  Source:                 soc_inst/cpu/mem_addr_reg[2]_rep__0/C
                            (rising edge-triggered cell FDRE clocked by sys_clk_pin  {rise@0.000ns fall@5.000ns period=10.000ns})
  Destination:            soc_inst/mem_rdata_reg[11]/D
                            (rising edge-triggered cell FDRE clocked by sys_clk_pin  {rise@0.000ns fall@5.000ns period=10.000ns})
  Path Group:             sys_clk_pin
  Path Type:              Setup (Max at Slow Process Corner)
  Requirement:            10.000ns  (sys_clk_pin rise@10.000ns - sys_clk_pin rise@0.000ns)
  Data Path Delay:        7.261ns  (logic 1.662ns (22.889%)  route 5.599ns (77.111%))
  Logic Levels:           4  (LUT6=1 MUXF7=1 MUXF8=1 RAMS64E=1)
  Clock Path Skew:        -0.013ns (DCD - SCD + CPR)
    Destination Clock Delay (DCD):    4.858ns = ( 14.858 - 10.000 ) 
    Source Clock Delay      (SCD):    5.144ns
    Clock Pessimism Removal (CPR):    0.273ns
  Clock Uncertainty:      0.035ns  ((TSJ^2 + TIJ^2)^1/2 + DJ) / 2 + PE
    Total System Jitter     (TSJ):    0.071ns
    Total Input Jitter      (TIJ):    0.000ns
    Discrete Jitter          (DJ):    0.000ns
    Phase Error              (PE):    0.000ns

    Location             Delay type                Incr(ns)  Path(ns)    Netlist Resource(s)
  -------------------------------------------------------------------    -------------------
                         (clock sys_clk_pin rise edge)
                                                      0.000     0.000 r  
    W5                                                0.000     0.000 r  clk (IN)
                         net (fo=0)                   0.000     0.000    clk
    W5                   IBUF (Prop_ibuf_I_O)         1.458     1.458 r  clk_IBUF_inst/O
                         net (fo=1, routed)           1.967     3.425    clk_IBUF
    BUFGCTRL_X0Y0        BUFG (Prop_bufg_I_O)         0.096     3.521 r  clk_IBUF_BUFG_inst/O
                         net (fo=1129, routed)        1.623     5.144    soc_inst/cpu/clk_IBUF_BUFG
    SLICE_X7Y19          FDRE                                         r  soc_inst/cpu/mem_addr_reg[2]_rep__0/C
  -------------------------------------------------------------------    -------------------
    SLICE_X7Y19          FDRE (Prop_fdre_C_Q)         0.456     5.600 r  soc_inst/cpu/mem_addr_reg[2]_rep__0/Q
                         net (fo=240, routed)         4.756    10.357    soc_inst/memory_reg_256_511_11_11/A0
    SLICE_X2Y5           RAMS64E (Prop_rams64e_ADR0_O)
                                                      0.585    10.942 r  soc_inst/memory_reg_256_511_11_11/RAMS64E_A/O
                         net (fo=1, routed)           0.000    10.942    soc_inst/memory_reg_256_511_11_11/OA
    SLICE_X2Y5           MUXF7 (Prop_muxf7_I1_O)      0.214    11.156 r  soc_inst/memory_reg_256_511_11_11/F7.A/O
                         net (fo=1, routed)           0.000    11.156    soc_inst/memory_reg_256_511_11_11/O1
    SLICE_X2Y5           MUXF8 (Prop_muxf8_I1_O)      0.088    11.244 r  soc_inst/memory_reg_256_511_11_11/F8/O
                         net (fo=1, routed)           0.843    12.086    soc_inst/cpu/mem_rdata_reg[11]_1
    SLICE_X4Y6           LUT6 (Prop_lut6_I3_O)        0.319    12.405 r  soc_inst/cpu/mem_rdata[11]_i_1/O
                         net (fo=1, routed)           0.000    12.405    soc_inst/cpu_n_55
    SLICE_X4Y6           FDRE                                         r  soc_inst/mem_rdata_reg[11]/D
  -------------------------------------------------------------------    -------------------

                         (clock sys_clk_pin rise edge)
                                                     10.000    10.000 r  
    W5                                                0.000    10.000 r  clk (IN)
                         net (fo=0)                   0.000    10.000    clk
    W5                   IBUF (Prop_ibuf_I_O)         1.388    11.388 r  clk_IBUF_inst/O
                         net (fo=1, routed)           1.862    13.250    clk_IBUF
    BUFGCTRL_X0Y0        BUFG (Prop_bufg_I_O)         0.091    13.341 r  clk_IBUF_BUFG_inst/O
                         net (fo=1129, routed)        1.517    14.858    soc_inst/clk_IBUF_BUFG
    SLICE_X4Y6           FDRE                                         r  soc_inst/mem_rdata_reg[11]/C
                         clock pessimism              0.273    15.131    
                         clock uncertainty           -0.035    15.096    
    SLICE_X4Y6           FDRE (Setup_fdre_C_D)        0.029    15.125    soc_inst/mem_rdata_reg[11]
  -------------------------------------------------------------------
                         required time                         15.125    
                         arrival time                         -12.405    
  -------------------------------------------------------------------
                         slack                                  2.720    

Slack (MET) :             2.937ns  (required time - arrival time)
  Source:                 soc_inst/cpu/mem_addr_reg[2]_rep__0/C
                            (rising edge-triggered cell FDRE clocked by sys_clk_pin  {rise@0.000ns fall@5.000ns period=10.000ns})
  Destination:            soc_inst/mem_rdata_reg[26]/D
                            (rising edge-triggered cell FDRE clocked by sys_clk_pin  {rise@0.000ns fall@5.000ns period=10.000ns})
  Path Group:             sys_clk_pin
  Path Type:              Setup (Max at Slow Process Corner)
  Requirement:            10.000ns  (sys_clk_pin rise@10.000ns - sys_clk_pin rise@0.000ns)
  Data Path Delay:        6.963ns  (logic 2.066ns (29.666%)  route 4.898ns (70.334%))
  Logic Levels:           4  (LUT6=1 MUXF7=1 MUXF8=1 RAMS64E=1)
  Clock Path Skew:        -0.093ns (DCD - SCD + CPR)
    Destination Clock Delay (DCD):    4.791ns = ( 14.791 - 10.000 ) 
    Source Clock Delay      (SCD):    5.144ns
    Clock Pessimism Removal (CPR):    0.260ns
  Clock Uncertainty:      0.035ns  ((TSJ^2 + TIJ^2)^1/2 + DJ) / 2 + PE
    Total System Jitter     (TSJ):    0.071ns
    Total Input Jitter      (TIJ):    0.000ns
    Discrete Jitter          (DJ):    0.000ns
    Phase Error              (PE):    0.000ns

    Location             Delay type                Incr(ns)  Path(ns)    Netlist Resource(s)
  -------------------------------------------------------------------    -------------------
                         (clock sys_clk_pin rise edge)
                                                      0.000     0.000 r  
    W5                                                0.000     0.000 r  clk (IN)
                         net (fo=0)                   0.000     0.000    clk
    W5                   IBUF (Prop_ibuf_I_O)         1.458     1.458 r  clk_IBUF_inst/O
                         net (fo=1, routed)           1.967     3.425    clk_IBUF
    BUFGCTRL_X0Y0        BUFG (Prop_bufg_I_O)         0.096     3.521 r  clk_IBUF_BUFG_inst/O
                         net (fo=1129, routed)        1.623     5.144    soc_inst/cpu/clk_IBUF_BUFG
    SLICE_X7Y19          FDRE                                         r  soc_inst/cpu/mem_addr_reg[2]_rep__0/C
  -------------------------------------------------------------------    -------------------
    SLICE_X7Y19          FDRE (Prop_fdre_C_Q)         0.456     5.600 r  soc_inst/cpu/mem_addr_reg[2]_rep__0/Q
                         net (fo=240, routed)         4.179     9.780    soc_inst/memory_reg_512_767_26_26/A0
    SLICE_X8Y5           RAMS64E (Prop_rams64e_ADR0_O)
                                                      0.989    10.768 r  soc_inst/memory_reg_512_767_26_26/RAMS64E_A/O
                         net (fo=1, routed)           0.000    10.768    soc_inst/memory_reg_512_767_26_26/OA
    SLICE_X8Y5           MUXF7 (Prop_muxf7_I1_O)      0.214    10.982 r  soc_inst/memory_reg_512_767_26_26/F7.A/O
                         net (fo=1, routed)           0.000    10.982    soc_inst/memory_reg_512_767_26_26/O1
    SLICE_X8Y5           MUXF8 (Prop_muxf8_I1_O)      0.088    11.070 r  soc_inst/memory_reg_512_767_26_26/F8/O
                         net (fo=1, routed)           0.718    11.789    soc_inst/cpu/mem_rdata_reg[26]_0
    SLICE_X9Y5           LUT6 (Prop_lut6_I1_O)        0.319    12.108 r  soc_inst/cpu/mem_rdata[26]_i_1/O
                         net (fo=1, routed)           0.000    12.108    soc_inst/cpu_n_76
    SLICE_X9Y5           FDRE                                         r  soc_inst/mem_rdata_reg[26]/D
  -------------------------------------------------------------------    -------------------

                         (clock sys_clk_pin rise edge)
                                                     10.000    10.000 r  
    W5                                                0.000    10.000 r  clk (IN)
                         net (fo=0)                   0.000    10.000    clk
    W5                   IBUF (Prop_ibuf_I_O)         1.388    11.388 r  clk_IBUF_inst/O
                         net (fo=1, routed)           1.862    13.250    clk_IBUF
    BUFGCTRL_X0Y0        BUFG (Prop_bufg_I_O)         0.091    13.341 r  clk_IBUF_BUFG_inst/O
                         net (fo=1129, routed)        1.450    14.791    soc_inst/clk_IBUF_BUFG
    SLICE_X9Y5           FDRE                                         r  soc_inst/mem_rdata_reg[26]/C
                         clock pessimism              0.260    15.051    
                         clock uncertainty           -0.035    15.016    
    SLICE_X9Y5           FDRE (Setup_fdre_C_D)        0.029    15.045    soc_inst/mem_rdata_reg[26]
  -------------------------------------------------------------------
                         required time                         15.045    
                         arrival time                         -12.108    
  -------------------------------------------------------------------
                         slack                                  2.937    

Slack (MET) :             3.005ns  (required time - arrival time)
  Source:                 soc_inst/cpu/mem_addr_reg[2]_rep__0/C
                            (rising edge-triggered cell FDRE clocked by sys_clk_pin  {rise@0.000ns fall@5.000ns period=10.000ns})
  Destination:            soc_inst/mem_rdata_reg[10]/D
                            (rising edge-triggered cell FDRE clocked by sys_clk_pin  {rise@0.000ns fall@5.000ns period=10.000ns})
  Path Group:             sys_clk_pin
  Path Type:              Setup (Max at Slow Process Corner)
  Requirement:            10.000ns  (sys_clk_pin rise@10.000ns - sys_clk_pin rise@0.000ns)
  Data Path Delay:        6.975ns  (logic 4.117ns (59.023%)  route 2.858ns (40.977%))
  Logic Levels:           4  (LUT6=1 MUXF7=1 MUXF8=1 RAMS64E=1)
  Clock Path Skew:        -0.013ns (DCD - SCD + CPR)
    Destination Clock Delay (DCD):    4.858ns = ( 14.858 - 10.000 ) 
    Source Clock Delay      (SCD):    5.144ns
    Clock Pessimism Removal (CPR):    0.273ns
  Clock Uncertainty:      0.035ns  ((TSJ^2 + TIJ^2)^1/2 + DJ) / 2 + PE
    Total System Jitter     (TSJ):    0.071ns
    Total Input Jitter      (TIJ):    0.000ns
    Discrete Jitter          (DJ):    0.000ns
    Phase Error              (PE):    0.000ns

    Location             Delay type                Incr(ns)  Path(ns)    Netlist Resource(s)
  -------------------------------------------------------------------    -------------------
                         (clock sys_clk_pin rise edge)
                                                      0.000     0.000 r  
    W5                                                0.000     0.000 r  clk (IN)
                         net (fo=0)                   0.000     0.000    clk
    W5                   IBUF (Prop_ibuf_I_O)         1.458     1.458 r  clk_IBUF_inst/O
                         net (fo=1, routed)           1.967     3.425    clk_IBUF
    BUFGCTRL_X0Y0        BUFG (Prop_bufg_I_O)         0.096     3.521 r  clk_IBUF_BUFG_inst/O
                         net (fo=1129, routed)        1.623     5.144    soc_inst/cpu/clk_IBUF_BUFG
    SLICE_X7Y19          FDRE                                         r  soc_inst/cpu/mem_addr_reg[2]_rep__0/C
  -------------------------------------------------------------------    -------------------
    SLICE_X7Y19          FDRE (Prop_fdre_C_Q)         0.456     5.600 r  soc_inst/cpu/mem_addr_reg[2]_rep__0/Q
                         net (fo=240, routed)         1.940     7.541    soc_inst/memory_reg_256_511_10_10/A0
    SLICE_X6Y2           RAMS64E (Prop_rams64e_ADR0_O)
                                                      3.040    10.581 r  soc_inst/memory_reg_256_511_10_10/RAMS64E_A/O
                         net (fo=1, routed)           0.000    10.581    soc_inst/memory_reg_256_511_10_10/OA
    SLICE_X6Y2           MUXF7 (Prop_muxf7_I1_O)      0.214    10.795 r  soc_inst/memory_reg_256_511_10_10/F7.A/O
                         net (fo=1, routed)           0.000    10.795    soc_inst/memory_reg_256_511_10_10/O1
    SLICE_X6Y2           MUXF8 (Prop_muxf8_I1_O)      0.088    10.883 r  soc_inst/memory_reg_256_511_10_10/F8/O
                         net (fo=1, routed)           0.918    11.801    soc_inst/cpu/mem_rdata_reg[10]_1
    SLICE_X7Y5           LUT6 (Prop_lut6_I3_O)        0.319    12.120 r  soc_inst/cpu/mem_rdata[10]_i_1/O
                         net (fo=1, routed)           0.000    12.120    soc_inst/cpu_n_54
    SLICE_X7Y5           FDRE                                         r  soc_inst/mem_rdata_reg[10]/D
  -------------------------------------------------------------------    -------------------

                         (clock sys_clk_pin rise edge)
                                                     10.000    10.000 r  
    W5                                                0.000    10.000 r  clk (IN)
                         net (fo=0)                   0.000    10.000    clk
    W5                   IBUF (Prop_ibuf_I_O)         1.388    11.388 r  clk_IBUF_inst/O
                         net (fo=1, routed)           1.862    13.250    clk_IBUF
    BUFGCTRL_X0Y0        BUFG (Prop_bufg_I_O)         0.091    13.341 r  clk_IBUF_BUFG_inst/O
                         net (fo=1129, routed)        1.517    14.858    soc_inst/clk_IBUF_BUFG
    SLICE_X7Y5           FDRE                                         r  soc_inst/mem_rdata_reg[10]/C
                         clock pessimism              0.273    15.131    
                         clock uncertainty           -0.035    15.096    
    SLICE_X7Y5           FDRE (Setup_fdre_C_D)        0.029    15.125    soc_inst/mem_rdata_reg[10]
  -------------------------------------------------------------------
                         required time                         15.125    
                         arrival time                         -12.120    
  -------------------------------------------------------------------
                         slack                                  3.005    

Slack (MET) :             3.100ns  (required time - arrival time)
  Source:                 soc_inst/cpu/mem_addr_reg[4]/C
                            (rising edge-triggered cell FDRE clocked by sys_clk_pin  {rise@0.000ns fall@5.000ns period=10.000ns})
  Destination:            soc_inst/mem_rdata_reg[24]/R
                            (rising edge-triggered cell FDRE clocked by sys_clk_pin  {rise@0.000ns fall@5.000ns period=10.000ns})
  Path Group:             sys_clk_pin
  Path Type:              Setup (Max at Slow Process Corner)
  Requirement:            10.000ns  (sys_clk_pin rise@10.000ns - sys_clk_pin rise@0.000ns)
  Data Path Delay:        6.414ns  (logic 0.952ns (14.843%)  route 5.462ns (85.157%))
  Logic Levels:           4  (LUT3=1 LUT4=1 LUT6=2)
  Clock Path Skew:        -0.022ns (DCD - SCD + CPR)
    Destination Clock Delay (DCD):    4.791ns = ( 14.791 - 10.000 ) 
    Source Clock Delay      (SCD):    5.073ns
    Clock Pessimism Removal (CPR):    0.260ns
  Clock Uncertainty:      0.035ns  ((TSJ^2 + TIJ^2)^1/2 + DJ) / 2 + PE
    Total System Jitter     (TSJ):    0.071ns
    Total Input Jitter      (TIJ):    0.000ns
    Discrete Jitter          (DJ):    0.000ns
    Phase Error              (PE):    0.000ns

    Location             Delay type                Incr(ns)  Path(ns)    Netlist Resource(s)
  -------------------------------------------------------------------    -------------------
                         (clock sys_clk_pin rise edge)
                                                      0.000     0.000 r  
    W5                                                0.000     0.000 r  clk (IN)
                         net (fo=0)                   0.000     0.000    clk
    W5                   IBUF (Prop_ibuf_I_O)         1.458     1.458 r  clk_IBUF_inst/O
                         net (fo=1, routed)           1.967     3.425    clk_IBUF
    BUFGCTRL_X0Y0        BUFG (Prop_bufg_I_O)         0.096     3.521 r  clk_IBUF_BUFG_inst/O
                         net (fo=1129, routed)        1.552     5.073    soc_inst/cpu/clk_IBUF_BUFG
    SLICE_X9Y22          FDRE                                         r  soc_inst/cpu/mem_addr_reg[4]/C
  -------------------------------------------------------------------    -------------------
    SLICE_X9Y22          FDRE (Prop_fdre_C_Q)         0.456     5.529 f  soc_inst/cpu/mem_addr_reg[4]/Q
                         net (fo=129, routed)         1.632     7.162    soc_inst/cpu/mem_addr_reg[9]_0[2]
    SLICE_X12Y36         LUT4 (Prop_lut4_I1_O)        0.124     7.286 f  soc_inst/cpu/led_reg[3]_i_6/O
                         net (fo=1, routed)           0.617     7.902    soc_inst/cpu/led_reg[3]_i_6_n_0
    SLICE_X12Y35         LUT6 (Prop_lut6_I0_O)        0.124     8.026 r  soc_inst/cpu/led_reg[3]_i_2/O
                         net (fo=2, routed)           0.950     8.976    soc_inst/cpu/led_reg[3]_i_2_n_0
    SLICE_X11Y20         LUT6 (Prop_lut6_I5_O)        0.124     9.100 f  soc_inst/cpu/seg_num[3]_i_2/O
                         net (fo=27, routed)          0.774     9.874    soc_inst/cpu/seg_num[3]_i_2_n_0
    SLICE_X3Y20          LUT3 (Prop_lut3_I2_O)        0.124     9.998 r  soc_inst/cpu/mem_rdata[31]_i_1/O
                         net (fo=24, routed)          1.489    11.487    soc_inst/cpu_n_23
    SLICE_X15Y5          FDRE                                         r  soc_inst/mem_rdata_reg[24]/R
  -------------------------------------------------------------------    -------------------

                         (clock sys_clk_pin rise edge)
                                                     10.000    10.000 r  
    W5                                                0.000    10.000 r  clk (IN)
                         net (fo=0)                   0.000    10.000    clk
    W5                   IBUF (Prop_ibuf_I_O)         1.388    11.388 r  clk_IBUF_inst/O
                         net (fo=1, routed)           1.862    13.250    clk_IBUF
    BUFGCTRL_X0Y0        BUFG (Prop_bufg_I_O)         0.091    13.341 r  clk_IBUF_BUFG_inst/O
                         net (fo=1129, routed)        1.450    14.791    soc_inst/clk_IBUF_BUFG
    SLICE_X15Y5          FDRE                                         r  soc_inst/mem_rdata_reg[24]/C
                         clock pessimism              0.260    15.051    
                         clock uncertainty           -0.035    15.016    
    SLICE_X15Y5          FDRE (Setup_fdre_C_R)       -0.429    14.587    soc_inst/mem_rdata_reg[24]
  -------------------------------------------------------------------
                         required time                         14.587    
                         arrival time                         -11.487    
  -------------------------------------------------------------------
                         slack                                  3.100    

Slack (MET) :             3.124ns  (required time - arrival time)
  Source:                 soc_inst/cpu/mem_addr_reg[4]/C
                            (rising edge-triggered cell FDRE clocked by sys_clk_pin  {rise@0.000ns fall@5.000ns period=10.000ns})
  Destination:            soc_inst/mem_rdata_reg[28]/R
                            (rising edge-triggered cell FDRE clocked by sys_clk_pin  {rise@0.000ns fall@5.000ns period=10.000ns})
  Path Group:             sys_clk_pin
  Path Type:              Setup (Max at Slow Process Corner)
  Requirement:            10.000ns  (sys_clk_pin rise@10.000ns - sys_clk_pin rise@0.000ns)
  Data Path Delay:        6.389ns  (logic 0.952ns (14.900%)  route 5.437ns (85.100%))
  Logic Levels:           4  (LUT3=1 LUT4=1 LUT6=2)
  Clock Path Skew:        -0.022ns (DCD - SCD + CPR)
    Destination Clock Delay (DCD):    4.791ns = ( 14.791 - 10.000 ) 
    Source Clock Delay      (SCD):    5.073ns
    Clock Pessimism Removal (CPR):    0.260ns
  Clock Uncertainty:      0.035ns  ((TSJ^2 + TIJ^2)^1/2 + DJ) / 2 + PE
    Total System Jitter     (TSJ):    0.071ns
    Total Input Jitter      (TIJ):    0.000ns
    Discrete Jitter          (DJ):    0.000ns
    Phase Error              (PE):    0.000ns

    Location             Delay type                Incr(ns)  Path(ns)    Netlist Resource(s)
  -------------------------------------------------------------------    -------------------
                         (clock sys_clk_pin rise edge)
                                                      0.000     0.000 r  
    W5                                                0.000     0.000 r  clk (IN)
                         net (fo=0)                   0.000     0.000    clk
    W5                   IBUF (Prop_ibuf_I_O)         1.458     1.458 r  clk_IBUF_inst/O
                         net (fo=1, routed)           1.967     3.425    clk_IBUF
    BUFGCTRL_X0Y0        BUFG (Prop_bufg_I_O)         0.096     3.521 r  clk_IBUF_BUFG_inst/O
                         net (fo=1129, routed)        1.552     5.073    soc_inst/cpu/clk_IBUF_BUFG
    SLICE_X9Y22          FDRE                                         r  soc_inst/cpu/mem_addr_reg[4]/C
  -------------------------------------------------------------------    -------------------
    SLICE_X9Y22          FDRE (Prop_fdre_C_Q)         0.456     5.529 f  soc_inst/cpu/mem_addr_reg[4]/Q
                         net (fo=129, routed)         1.632     7.162    soc_inst/cpu/mem_addr_reg[9]_0[2]
    SLICE_X12Y36         LUT4 (Prop_lut4_I1_O)        0.124     7.286 f  soc_inst/cpu/led_reg[3]_i_6/O
                         net (fo=1, routed)           0.617     7.902    soc_inst/cpu/led_reg[3]_i_6_n_0
    SLICE_X12Y35         LUT6 (Prop_lut6_I0_O)        0.124     8.026 r  soc_inst/cpu/led_reg[3]_i_2/O
                         net (fo=2, routed)           0.950     8.976    soc_inst/cpu/led_reg[3]_i_2_n_0
    SLICE_X11Y20         LUT6 (Prop_lut6_I5_O)        0.124     9.100 f  soc_inst/cpu/seg_num[3]_i_2/O
                         net (fo=27, routed)          0.774     9.874    soc_inst/cpu/seg_num[3]_i_2_n_0
    SLICE_X3Y20          LUT3 (Prop_lut3_I2_O)        0.124     9.998 r  soc_inst/cpu/mem_rdata[31]_i_1/O
                         net (fo=24, routed)          1.465    11.463    soc_inst/cpu_n_23
    SLICE_X13Y5          FDRE                                         r  soc_inst/mem_rdata_reg[28]/R
  -------------------------------------------------------------------    -------------------

                         (clock sys_clk_pin rise edge)
                                                     10.000    10.000 r  
    W5                                                0.000    10.000 r  clk (IN)
                         net (fo=0)                   0.000    10.000    clk
    W5                   IBUF (Prop_ibuf_I_O)         1.388    11.388 r  clk_IBUF_inst/O
                         net (fo=1, routed)           1.862    13.250    clk_IBUF
    BUFGCTRL_X0Y0        BUFG (Prop_bufg_I_O)         0.091    13.341 r  clk_IBUF_BUFG_inst/O
                         net (fo=1129, routed)        1.450    14.791    soc_inst/clk_IBUF_BUFG
    SLICE_X13Y5          FDRE                                         r  soc_inst/mem_rdata_reg[28]/C
                         clock pessimism              0.260    15.051    
                         clock uncertainty           -0.035    15.016    
    SLICE_X13Y5          FDRE (Setup_fdre_C_R)       -0.429    14.587    soc_inst/mem_rdata_reg[28]
  -------------------------------------------------------------------
                         required time                         14.587    
                         arrival time                         -11.463    
  -------------------------------------------------------------------
                         slack                                  3.124    

Slack (MET) :             3.152ns  (required time - arrival time)
  Source:                 soc_inst/cpu/mem_addr_reg[4]/C
                            (rising edge-triggered cell FDRE clocked by sys_clk_pin  {rise@0.000ns fall@5.000ns period=10.000ns})
  Destination:            soc_inst/mem_rdata_reg[25]/R
                            (rising edge-triggered cell FDRE clocked by sys_clk_pin  {rise@0.000ns fall@5.000ns period=10.000ns})
  Path Group:             sys_clk_pin
  Path Type:              Setup (Max at Slow Process Corner)
  Requirement:            10.000ns  (sys_clk_pin rise@10.000ns - sys_clk_pin rise@0.000ns)
  Data Path Delay:        6.361ns  (logic 0.952ns (14.966%)  route 5.409ns (85.034%))
  Logic Levels:           4  (LUT3=1 LUT4=1 LUT6=2)
  Clock Path Skew:        -0.023ns (DCD - SCD + CPR)
    Destination Clock Delay (DCD):    4.790ns = ( 14.790 - 10.000 ) 
    Source Clock Delay      (SCD):    5.073ns
    Clock Pessimism Removal (CPR):    0.260ns
  Clock Uncertainty:      0.035ns  ((TSJ^2 + TIJ^2)^1/2 + DJ) / 2 + PE
    Total System Jitter     (TSJ):    0.071ns
    Total Input Jitter      (TIJ):    0.000ns
    Discrete Jitter          (DJ):    0.000ns
    Phase Error              (PE):    0.000ns

    Location             Delay type                Incr(ns)  Path(ns)    Netlist Resource(s)
  -------------------------------------------------------------------    -------------------
                         (clock sys_clk_pin rise edge)
                                                      0.000     0.000 r  
    W5                                                0.000     0.000 r  clk (IN)
                         net (fo=0)                   0.000     0.000    clk
    W5                   IBUF (Prop_ibuf_I_O)         1.458     1.458 r  clk_IBUF_inst/O
                         net (fo=1, routed)           1.967     3.425    clk_IBUF
    BUFGCTRL_X0Y0        BUFG (Prop_bufg_I_O)         0.096     3.521 r  clk_IBUF_BUFG_inst/O
                         net (fo=1129, routed)        1.552     5.073    soc_inst/cpu/clk_IBUF_BUFG
    SLICE_X9Y22          FDRE                                         r  soc_inst/cpu/mem_addr_reg[4]/C
  -------------------------------------------------------------------    -------------------
    SLICE_X9Y22          FDRE (Prop_fdre_C_Q)         0.456     5.529 f  soc_inst/cpu/mem_addr_reg[4]/Q
                         net (fo=129, routed)         1.632     7.162    soc_inst/cpu/mem_addr_reg[9]_0[2]
    SLICE_X12Y36         LUT4 (Prop_lut4_I1_O)        0.124     7.286 f  soc_inst/cpu/led_reg[3]_i_6/O
                         net (fo=1, routed)           0.617     7.902    soc_inst/cpu/led_reg[3]_i_6_n_0
    SLICE_X12Y35         LUT6 (Prop_lut6_I0_O)        0.124     8.026 r  soc_inst/cpu/led_reg[3]_i_2/O
                         net (fo=2, routed)           0.950     8.976    soc_inst/cpu/led_reg[3]_i_2_n_0
    SLICE_X11Y20         LUT6 (Prop_lut6_I5_O)        0.124     9.100 f  soc_inst/cpu/seg_num[3]_i_2/O
                         net (fo=27, routed)          0.774     9.874    soc_inst/cpu/seg_num[3]_i_2_n_0
    SLICE_X3Y20          LUT3 (Prop_lut3_I2_O)        0.124     9.998 r  soc_inst/cpu/mem_rdata[31]_i_1/O
                         net (fo=24, routed)          1.436    11.434    soc_inst/cpu_n_23
    SLICE_X13Y7          FDRE                                         r  soc_inst/mem_rdata_reg[25]/R
  -------------------------------------------------------------------    -------------------

                         (clock sys_clk_pin rise edge)
                                                     10.000    10.000 r  
    W5                                                0.000    10.000 r  clk (IN)
                         net (fo=0)                   0.000    10.000    clk
    W5                   IBUF (Prop_ibuf_I_O)         1.388    11.388 r  clk_IBUF_inst/O
                         net (fo=1, routed)           1.862    13.250    clk_IBUF
    BUFGCTRL_X0Y0        BUFG (Prop_bufg_I_O)         0.091    13.341 r  clk_IBUF_BUFG_inst/O
                         net (fo=1129, routed)        1.449    14.790    soc_inst/clk_IBUF_BUFG
    SLICE_X13Y7          FDRE                                         r  soc_inst/mem_rdata_reg[25]/C
                         clock pessimism              0.260    15.050    
                         clock uncertainty           -0.035    15.015    
    SLICE_X13Y7          FDRE (Setup_fdre_C_R)       -0.429    14.586    soc_inst/mem_rdata_reg[25]
  -------------------------------------------------------------------
                         required time                         14.586    
                         arrival time                         -11.434    
  -------------------------------------------------------------------
                         slack                                  3.152    

Slack (MET) :             3.160ns  (required time - arrival time)
  Source:                 soc_inst/reset_cnt_reg[4]/C
                            (rising edge-triggered cell FDRE clocked by sys_clk_pin  {rise@0.000ns fall@5.000ns period=10.000ns})
  Destination:            soc_inst/cpu/reg_op1_reg[24]/CE
                            (rising edge-triggered cell FDRE clocked by sys_clk_pin  {rise@0.000ns fall@5.000ns period=10.000ns})
  Path Group:             sys_clk_pin
  Path Type:              Setup (Max at Slow Process Corner)
  Requirement:            10.000ns  (sys_clk_pin rise@10.000ns - sys_clk_pin rise@0.000ns)
  Data Path Delay:        6.489ns  (logic 1.414ns (21.790%)  route 5.075ns (78.210%))
  Logic Levels:           5  (LUT3=2 LUT6=3)
  Clock Path Skew:        -0.110ns (DCD - SCD + CPR)
    Destination Clock Delay (DCD):    4.786ns = ( 14.786 - 10.000 ) 
    Source Clock Delay      (SCD):    5.156ns
    Clock Pessimism Removal (CPR):    0.260ns
  Clock Uncertainty:      0.035ns  ((TSJ^2 + TIJ^2)^1/2 + DJ) / 2 + PE
    Total System Jitter     (TSJ):    0.071ns
    Total Input Jitter      (TIJ):    0.000ns
    Discrete Jitter          (DJ):    0.000ns
    Phase Error              (PE):    0.000ns

    Location             Delay type                Incr(ns)  Path(ns)    Netlist Resource(s)
  -------------------------------------------------------------------    -------------------
                         (clock sys_clk_pin rise edge)
                                                      0.000     0.000 r  
    W5                                                0.000     0.000 r  clk (IN)
                         net (fo=0)                   0.000     0.000    clk
    W5                   IBUF (Prop_ibuf_I_O)         1.458     1.458 r  clk_IBUF_inst/O
                         net (fo=1, routed)           1.967     3.425    clk_IBUF
    BUFGCTRL_X0Y0        BUFG (Prop_bufg_I_O)         0.096     3.521 r  clk_IBUF_BUFG_inst/O
                         net (fo=1129, routed)        1.635     5.156    soc_inst/clk_IBUF_BUFG
    SLICE_X0Y38          FDRE                                         r  soc_inst/reset_cnt_reg[4]/C
  -------------------------------------------------------------------    -------------------
    SLICE_X0Y38          FDRE (Prop_fdre_C_Q)         0.419     5.575 r  soc_inst/reset_cnt_reg[4]/Q
                         net (fo=3, routed)           1.040     6.615    soc_inst/cpu/mem_do_rinst_reg_0[4]
    SLICE_X0Y38          LUT6 (Prop_lut6_I0_O)        0.296     6.911 f  soc_inst/cpu/reset_cnt[7]_i_2/O
                         net (fo=3, routed)           0.300     7.212    soc_inst/cpu/reset_cnt_reg[4]
    SLICE_X1Y38          LUT3 (Prop_lut3_I2_O)        0.124     7.336 f  soc_inst/cpu/latched_rd[4]_i_4/O
                         net (fo=163, routed)         1.389     8.724    soc_inst/cpu/E[0]
    SLICE_X0Y20          LUT6 (Prop_lut6_I4_O)        0.124     8.848 r  soc_inst/cpu/instr_jal_i_3/O
                         net (fo=11, routed)          0.428     9.276    soc_inst/cpu/mem_done
    SLICE_X1Y21          LUT3 (Prop_lut3_I1_O)        0.119     9.395 r  soc_inst/cpu/reg_op1[31]_i_3/O
                         net (fo=3, routed)           0.457     9.852    soc_inst/cpu/reg_op1[31]_i_3_n_0
    SLICE_X4Y21          LUT6 (Prop_lut6_I3_O)        0.332    10.184 r  soc_inst/cpu/reg_op1[31]_i_1/O
                         net (fo=32, routed)          1.462    11.646    soc_inst/cpu/reg_op1[31]_i_1_n_0
    SLICE_X15Y36         FDRE                                         r  soc_inst/cpu/reg_op1_reg[24]/CE
  -------------------------------------------------------------------    -------------------

                         (clock sys_clk_pin rise edge)
                                                     10.000    10.000 r  
    W5                                                0.000    10.000 r  clk (IN)
                         net (fo=0)                   0.000    10.000    clk
    W5                   IBUF (Prop_ibuf_I_O)         1.388    11.388 r  clk_IBUF_inst/O
                         net (fo=1, routed)           1.862    13.250    clk_IBUF
    BUFGCTRL_X0Y0        BUFG (Prop_bufg_I_O)         0.091    13.341 r  clk_IBUF_BUFG_inst/O
                         net (fo=1129, routed)        1.445    14.786    soc_inst/cpu/clk_IBUF_BUFG
    SLICE_X15Y36         FDRE                                         r  soc_inst/cpu/reg_op1_reg[24]/C
                         clock pessimism              0.260    15.046    
                         clock uncertainty           -0.035    15.011    
    SLICE_X15Y36         FDRE (Setup_fdre_C_CE)      -0.205    14.806    soc_inst/cpu/reg_op1_reg[24]
  -------------------------------------------------------------------
                         required time                         14.806    
                         arrival time                         -11.646    
  -------------------------------------------------------------------
                         slack                                  3.160    

Slack (MET) :             3.160ns  (required time - arrival time)
  Source:                 soc_inst/reset_cnt_reg[4]/C
                            (rising edge-triggered cell FDRE clocked by sys_clk_pin  {rise@0.000ns fall@5.000ns period=10.000ns})
  Destination:            soc_inst/cpu/reg_op1_reg[27]/CE
                            (rising edge-triggered cell FDRE clocked by sys_clk_pin  {rise@0.000ns fall@5.000ns period=10.000ns})
  Path Group:             sys_clk_pin
  Path Type:              Setup (Max at Slow Process Corner)
  Requirement:            10.000ns  (sys_clk_pin rise@10.000ns - sys_clk_pin rise@0.000ns)
  Data Path Delay:        6.489ns  (logic 1.414ns (21.790%)  route 5.075ns (78.210%))
  Logic Levels:           5  (LUT3=2 LUT6=3)
  Clock Path Skew:        -0.110ns (DCD - SCD + CPR)
    Destination Clock Delay (DCD):    4.786ns = ( 14.786 - 10.000 ) 
    Source Clock Delay      (SCD):    5.156ns
    Clock Pessimism Removal (CPR):    0.260ns
  Clock Uncertainty:      0.035ns  ((TSJ^2 + TIJ^2)^1/2 + DJ) / 2 + PE
    Total System Jitter     (TSJ):    0.071ns
    Total Input Jitter      (TIJ):    0.000ns
    Discrete Jitter          (DJ):    0.000ns
    Phase Error              (PE):    0.000ns

    Location             Delay type                Incr(ns)  Path(ns)    Netlist Resource(s)
  -------------------------------------------------------------------    -------------------
                         (clock sys_clk_pin rise edge)
                                                      0.000     0.000 r  
    W5                                                0.000     0.000 r  clk (IN)
                         net (fo=0)                   0.000     0.000    clk
    W5                   IBUF (Prop_ibuf_I_O)         1.458     1.458 r  clk_IBUF_inst/O
                         net (fo=1, routed)           1.967     3.425    clk_IBUF
    BUFGCTRL_X0Y0        BUFG (Prop_bufg_I_O)         0.096     3.521 r  clk_IBUF_BUFG_inst/O
                         net (fo=1129, routed)        1.635     5.156    soc_inst/clk_IBUF_BUFG
    SLICE_X0Y38          FDRE                                         r  soc_inst/reset_cnt_reg[4]/C
  -------------------------------------------------------------------    -------------------
    SLICE_X0Y38          FDRE (Prop_fdre_C_Q)         0.419     5.575 r  soc_inst/reset_cnt_reg[4]/Q
                         net (fo=3, routed)           1.040     6.615    soc_inst/cpu/mem_do_rinst_reg_0[4]
    SLICE_X0Y38          LUT6 (Prop_lut6_I0_O)        0.296     6.911 f  soc_inst/cpu/reset_cnt[7]_i_2/O
                         net (fo=3, routed)           0.300     7.212    soc_inst/cpu/reset_cnt_reg[4]
    SLICE_X1Y38          LUT3 (Prop_lut3_I2_O)        0.124     7.336 f  soc_inst/cpu/latched_rd[4]_i_4/O
                         net (fo=163, routed)         1.389     8.724    soc_inst/cpu/E[0]
    SLICE_X0Y20          LUT6 (Prop_lut6_I4_O)        0.124     8.848 r  soc_inst/cpu/instr_jal_i_3/O
                         net (fo=11, routed)          0.428     9.276    soc_inst/cpu/mem_done
    SLICE_X1Y21          LUT3 (Prop_lut3_I1_O)        0.119     9.395 r  soc_inst/cpu/reg_op1[31]_i_3/O
                         net (fo=3, routed)           0.457     9.852    soc_inst/cpu/reg_op1[31]_i_3_n_0
    SLICE_X4Y21          LUT6 (Prop_lut6_I3_O)        0.332    10.184 r  soc_inst/cpu/reg_op1[31]_i_1/O
                         net (fo=32, routed)          1.462    11.646    soc_inst/cpu/reg_op1[31]_i_1_n_0
    SLICE_X15Y36         FDRE                                         r  soc_inst/cpu/reg_op1_reg[27]/CE
  -------------------------------------------------------------------    -------------------

                         (clock sys_clk_pin rise edge)
                                                     10.000    10.000 r  
    W5                                                0.000    10.000 r  clk (IN)
                         net (fo=0)                   0.000    10.000    clk
    W5                   IBUF (Prop_ibuf_I_O)         1.388    11.388 r  clk_IBUF_inst/O
                         net (fo=1, routed)           1.862    13.250    clk_IBUF
    BUFGCTRL_X0Y0        BUFG (Prop_bufg_I_O)         0.091    13.341 r  clk_IBUF_BUFG_inst/O
                         net (fo=1129, routed)        1.445    14.786    soc_inst/cpu/clk_IBUF_BUFG
    SLICE_X15Y36         FDRE                                         r  soc_inst/cpu/reg_op1_reg[27]/C
                         clock pessimism              0.260    15.046    
                         clock uncertainty           -0.035    15.011    
    SLICE_X15Y36         FDRE (Setup_fdre_C_CE)      -0.205    14.806    soc_inst/cpu/reg_op1_reg[27]
  -------------------------------------------------------------------
                         required time                         14.806    
                         arrival time                         -11.646    
  -------------------------------------------------------------------
                         slack                                  3.160    





Min Delay Paths
--------------------------------------------------------------------------------------
Slack (MET) :             0.107ns  (arrival time - required time)
  Source:                 soc_inst/cpu/mem_addr_reg[2]/C
                            (rising edge-triggered cell FDRE clocked by sys_clk_pin  {rise@0.000ns fall@5.000ns period=10.000ns})
  Destination:            soc_inst/memory_reg_0_255_1_1/RAMS64E_A/ADR0
                            (rising edge-triggered cell RAMS64E clocked by sys_clk_pin  {rise@0.000ns fall@5.000ns period=10.000ns})
  Path Group:             sys_clk_pin
  Path Type:              Hold (Min at Fast Process Corner)
  Requirement:            0.000ns  (sys_clk_pin rise@0.000ns - sys_clk_pin rise@0.000ns)
  Data Path Delay:        0.452ns  (logic 0.141ns (31.184%)  route 0.311ns (68.816%))
  Logic Levels:           0  
  Clock Path Skew:        0.035ns (DCD - SCD - CPR)
    Destination Clock Delay (DCD):    1.950ns
    Source Clock Delay      (SCD):    1.437ns
    Clock Pessimism Removal (CPR):    0.478ns

    Location             Delay type                Incr(ns)  Path(ns)    Netlist Resource(s)
  -------------------------------------------------------------------    -------------------
                         (clock sys_clk_pin rise edge)
                                                      0.000     0.000 r  
    W5                                                0.000     0.000 r  clk (IN)
                         net (fo=0)                   0.000     0.000    clk
    W5                   IBUF (Prop_ibuf_I_O)         0.226     0.226 r  clk_IBUF_inst/O
                         net (fo=1, routed)           0.631     0.858    clk_IBUF
    BUFGCTRL_X0Y0        BUFG (Prop_bufg_I_O)         0.026     0.884 r  clk_IBUF_BUFG_inst/O
                         net (fo=1129, routed)        0.554     1.437    soc_inst/cpu/clk_IBUF_BUFG
    SLICE_X11Y23         FDRE                                         r  soc_inst/cpu/mem_addr_reg[2]/C
  -------------------------------------------------------------------    -------------------
    SLICE_X11Y23         FDRE (Prop_fdre_C_Q)         0.141     1.578 r  soc_inst/cpu/mem_addr_reg[2]/Q
                         net (fo=139, routed)         0.311     1.889    soc_inst/memory_reg_0_255_1_1/A0
    SLICE_X8Y22          RAMS64E                                      r  soc_inst/memory_reg_0_255_1_1/RAMS64E_A/ADR0
  -------------------------------------------------------------------    -------------------

                         (clock sys_clk_pin rise edge)
                                                      0.000     0.000 r  
    W5                                                0.000     0.000 r  clk (IN)
                         net (fo=0)                   0.000     0.000    clk
    W5                   IBUF (Prop_ibuf_I_O)         0.414     0.414 r  clk_IBUF_inst/O
                         net (fo=1, routed)           0.685     1.099    clk_IBUF
    BUFGCTRL_X0Y0        BUFG (Prop_bufg_I_O)         0.029     1.128 r  clk_IBUF_BUFG_inst/O
                         net (fo=1129, routed)        0.823     1.950    soc_inst/memory_reg_0_255_1_1/WCLK
    SLICE_X8Y22          RAMS64E                                      r  soc_inst/memory_reg_0_255_1_1/RAMS64E_A/CLK
                         clock pessimism             -0.478     1.472    
    SLICE_X8Y22          RAMS64E (Hold_rams64e_CLK_ADR0)
                                                      0.310     1.782    soc_inst/memory_reg_0_255_1_1/RAMS64E_A
  -------------------------------------------------------------------
                         required time                         -1.782    
                         arrival time                           1.889    
  -------------------------------------------------------------------
                         slack                                  0.107    

Slack (MET) :             0.107ns  (arrival time - required time)
  Source:                 soc_inst/cpu/mem_addr_reg[2]/C
                            (rising edge-triggered cell FDRE clocked by sys_clk_pin  {rise@0.000ns fall@5.000ns period=10.000ns})
  Destination:            soc_inst/memory_reg_0_255_1_1/RAMS64E_B/ADR0
                            (rising edge-triggered cell RAMS64E clocked by sys_clk_pin  {rise@0.000ns fall@5.000ns period=10.000ns})
  Path Group:             sys_clk_pin
  Path Type:              Hold (Min at Fast Process Corner)
  Requirement:            0.000ns  (sys_clk_pin rise@0.000ns - sys_clk_pin rise@0.000ns)
  Data Path Delay:        0.452ns  (logic 0.141ns (31.184%)  route 0.311ns (68.816%))
  Logic Levels:           0  
  Clock Path Skew:        0.035ns (DCD - SCD - CPR)
    Destination Clock Delay (DCD):    1.950ns
    Source Clock Delay      (SCD):    1.437ns
    Clock Pessimism Removal (CPR):    0.478ns

    Location             Delay type                Incr(ns)  Path(ns)    Netlist Resource(s)
  -------------------------------------------------------------------    -------------------
                         (clock sys_clk_pin rise edge)
                                                      0.000     0.000 r  
    W5                                                0.000     0.000 r  clk (IN)
                         net (fo=0)                   0.000     0.000    clk
    W5                   IBUF (Prop_ibuf_I_O)         0.226     0.226 r  clk_IBUF_inst/O
                         net (fo=1, routed)           0.631     0.858    clk_IBUF
    BUFGCTRL_X0Y0        BUFG (Prop_bufg_I_O)         0.026     0.884 r  clk_IBUF_BUFG_inst/O
                         net (fo=1129, routed)        0.554     1.437    soc_inst/cpu/clk_IBUF_BUFG
    SLICE_X11Y23         FDRE                                         r  soc_inst/cpu/mem_addr_reg[2]/C
  -------------------------------------------------------------------    -------------------
    SLICE_X11Y23         FDRE (Prop_fdre_C_Q)         0.141     1.578 r  soc_inst/cpu/mem_addr_reg[2]/Q
                         net (fo=139, routed)         0.311     1.889    soc_inst/memory_reg_0_255_1_1/A0
    SLICE_X8Y22          RAMS64E                                      r  soc_inst/memory_reg_0_255_1_1/RAMS64E_B/ADR0
  -------------------------------------------------------------------    -------------------

                         (clock sys_clk_pin rise edge)
                                                      0.000     0.000 r  
    W5                                                0.000     0.000 r  clk (IN)
                         net (fo=0)                   0.000     0.000    clk
    W5                   IBUF (Prop_ibuf_I_O)         0.414     0.414 r  clk_IBUF_inst/O
                         net (fo=1, routed)           0.685     1.099    clk_IBUF
    BUFGCTRL_X0Y0        BUFG (Prop_bufg_I_O)         0.029     1.128 r  clk_IBUF_BUFG_inst/O
                         net (fo=1129, routed)        0.823     1.950    soc_inst/memory_reg_0_255_1_1/WCLK
    SLICE_X8Y22          RAMS64E                                      r  soc_inst/memory_reg_0_255_1_1/RAMS64E_B/CLK
                         clock pessimism             -0.478     1.472    
    SLICE_X8Y22          RAMS64E (Hold_rams64e_CLK_ADR0)
                                                      0.310     1.782    soc_inst/memory_reg_0_255_1_1/RAMS64E_B
  -------------------------------------------------------------------
                         required time                         -1.782    
                         arrival time                           1.889    
  -------------------------------------------------------------------
                         slack                                  0.107    

Slack (MET) :             0.107ns  (arrival time - required time)
  Source:                 soc_inst/cpu/mem_addr_reg[2]/C
                            (rising edge-triggered cell FDRE clocked by sys_clk_pin  {rise@0.000ns fall@5.000ns period=10.000ns})
  Destination:            soc_inst/memory_reg_0_255_1_1/RAMS64E_C/ADR0
                            (rising edge-triggered cell RAMS64E clocked by sys_clk_pin  {rise@0.000ns fall@5.000ns period=10.000ns})
  Path Group:             sys_clk_pin
  Path Type:              Hold (Min at Fast Process Corner)
  Requirement:            0.000ns  (sys_clk_pin rise@0.000ns - sys_clk_pin rise@0.000ns)
  Data Path Delay:        0.452ns  (logic 0.141ns (31.184%)  route 0.311ns (68.816%))
  Logic Levels:           0  
  Clock Path Skew:        0.035ns (DCD - SCD - CPR)
    Destination Clock Delay (DCD):    1.950ns
    Source Clock Delay      (SCD):    1.437ns
    Clock Pessimism Removal (CPR):    0.478ns

    Location             Delay type                Incr(ns)  Path(ns)    Netlist Resource(s)
  -------------------------------------------------------------------    -------------------
                         (clock sys_clk_pin rise edge)
                                                      0.000     0.000 r  
    W5                                                0.000     0.000 r  clk (IN)
                         net (fo=0)                   0.000     0.000    clk
    W5                   IBUF (Prop_ibuf_I_O)         0.226     0.226 r  clk_IBUF_inst/O
                         net (fo=1, routed)           0.631     0.858    clk_IBUF
    BUFGCTRL_X0Y0        BUFG (Prop_bufg_I_O)         0.026     0.884 r  clk_IBUF_BUFG_inst/O
                         net (fo=1129, routed)        0.554     1.437    soc_inst/cpu/clk_IBUF_BUFG
    SLICE_X11Y23         FDRE                                         r  soc_inst/cpu/mem_addr_reg[2]/C
  -------------------------------------------------------------------    -------------------
    SLICE_X11Y23         FDRE (Prop_fdre_C_Q)         0.141     1.578 r  soc_inst/cpu/mem_addr_reg[2]/Q
                         net (fo=139, routed)         0.311     1.889    soc_inst/memory_reg_0_255_1_1/A0
    SLICE_X8Y22          RAMS64E                                      r  soc_inst/memory_reg_0_255_1_1/RAMS64E_C/ADR0
  -------------------------------------------------------------------    -------------------

                         (clock sys_clk_pin rise edge)
                                                      0.000     0.000 r  
    W5                                                0.000     0.000 r  clk (IN)
                         net (fo=0)                   0.000     0.000    clk
    W5                   IBUF (Prop_ibuf_I_O)         0.414     0.414 r  clk_IBUF_inst/O
                         net (fo=1, routed)           0.685     1.099    clk_IBUF
    BUFGCTRL_X0Y0        BUFG (Prop_bufg_I_O)         0.029     1.128 r  clk_IBUF_BUFG_inst/O
                         net (fo=1129, routed)        0.823     1.950    soc_inst/memory_reg_0_255_1_1/WCLK
    SLICE_X8Y22          RAMS64E                                      r  soc_inst/memory_reg_0_255_1_1/RAMS64E_C/CLK
                         clock pessimism             -0.478     1.472    
    SLICE_X8Y22          RAMS64E (Hold_rams64e_CLK_ADR0)
                                                      0.310     1.782    soc_inst/memory_reg_0_255_1_1/RAMS64E_C
  -------------------------------------------------------------------
                         required time                         -1.782    
                         arrival time                           1.889    
  -------------------------------------------------------------------
                         slack                                  0.107    

Slack (MET) :             0.107ns  (arrival time - required time)
  Source:                 soc_inst/cpu/mem_addr_reg[2]/C
                            (rising edge-triggered cell FDRE clocked by sys_clk_pin  {rise@0.000ns fall@5.000ns period=10.000ns})
  Destination:            soc_inst/memory_reg_0_255_1_1/RAMS64E_D/ADR0
                            (rising edge-triggered cell RAMS64E clocked by sys_clk_pin  {rise@0.000ns fall@5.000ns period=10.000ns})
  Path Group:             sys_clk_pin
  Path Type:              Hold (Min at Fast Process Corner)
  Requirement:            0.000ns  (sys_clk_pin rise@0.000ns - sys_clk_pin rise@0.000ns)
  Data Path Delay:        0.452ns  (logic 0.141ns (31.184%)  route 0.311ns (68.816%))
  Logic Levels:           0  
  Clock Path Skew:        0.035ns (DCD - SCD - CPR)
    Destination Clock Delay (DCD):    1.950ns
    Source Clock Delay      (SCD):    1.437ns
    Clock Pessimism Removal (CPR):    0.478ns

    Location             Delay type                Incr(ns)  Path(ns)    Netlist Resource(s)
  -------------------------------------------------------------------    -------------------
                         (clock sys_clk_pin rise edge)
                                                      0.000     0.000 r  
    W5                                                0.000     0.000 r  clk (IN)
                         net (fo=0)                   0.000     0.000    clk
    W5                   IBUF (Prop_ibuf_I_O)         0.226     0.226 r  clk_IBUF_inst/O
                         net (fo=1, routed)           0.631     0.858    clk_IBUF
    BUFGCTRL_X0Y0        BUFG (Prop_bufg_I_O)         0.026     0.884 r  clk_IBUF_BUFG_inst/O
                         net (fo=1129, routed)        0.554     1.437    soc_inst/cpu/clk_IBUF_BUFG
    SLICE_X11Y23         FDRE                                         r  soc_inst/cpu/mem_addr_reg[2]/C
  -------------------------------------------------------------------    -------------------
    SLICE_X11Y23         FDRE (Prop_fdre_C_Q)         0.141     1.578 r  soc_inst/cpu/mem_addr_reg[2]/Q
                         net (fo=139, routed)         0.311     1.889    soc_inst/memory_reg_0_255_1_1/A0
    SLICE_X8Y22          RAMS64E                                      r  soc_inst/memory_reg_0_255_1_1/RAMS64E_D/ADR0
  -------------------------------------------------------------------    -------------------

                         (clock sys_clk_pin rise edge)
                                                      0.000     0.000 r  
    W5                                                0.000     0.000 r  clk (IN)
                         net (fo=0)                   0.000     0.000    clk
    W5                   IBUF (Prop_ibuf_I_O)         0.414     0.414 r  clk_IBUF_inst/O
                         net (fo=1, routed)           0.685     1.099    clk_IBUF
    BUFGCTRL_X0Y0        BUFG (Prop_bufg_I_O)         0.029     1.128 r  clk_IBUF_BUFG_inst/O
                         net (fo=1129, routed)        0.823     1.950    soc_inst/memory_reg_0_255_1_1/WCLK
    SLICE_X8Y22          RAMS64E                                      r  soc_inst/memory_reg_0_255_1_1/RAMS64E_D/CLK
                         clock pessimism             -0.478     1.472    
    SLICE_X8Y22          RAMS64E (Hold_rams64e_CLK_ADR0)
                                                      0.310     1.782    soc_inst/memory_reg_0_255_1_1/RAMS64E_D
  -------------------------------------------------------------------
                         required time                         -1.782    
                         arrival time                           1.889    
  -------------------------------------------------------------------
                         slack                                  0.107    

Slack (MET) :             0.117ns  (arrival time - required time)
  Source:                 soc_inst/cpu/mem_wdata_reg[0]/C
                            (rising edge-triggered cell FDRE clocked by sys_clk_pin  {rise@0.000ns fall@5.000ns period=10.000ns})
  Destination:            soc_inst/memory_reg_256_511_0_0/RAMS64E_D/I
                            (rising edge-triggered cell RAMS64E clocked by sys_clk_pin  {rise@0.000ns fall@5.000ns period=10.000ns})
  Path Group:             sys_clk_pin
  Path Type:              Hold (Min at Fast Process Corner)
  Requirement:            0.000ns  (sys_clk_pin rise@0.000ns - sys_clk_pin rise@0.000ns)
  Data Path Delay:        0.276ns  (logic 0.141ns (51.050%)  route 0.135ns (48.950%))
  Logic Levels:           0  
  Clock Path Skew:        0.015ns (DCD - SCD - CPR)
    Destination Clock Delay (DCD):    1.982ns
    Source Clock Delay      (SCD):    1.468ns
    Clock Pessimism Removal (CPR):    0.499ns

    Location             Delay type                Incr(ns)  Path(ns)    Netlist Resource(s)
  -------------------------------------------------------------------    -------------------
                         (clock sys_clk_pin rise edge)
                                                      0.000     0.000 r  
    W5                                                0.000     0.000 r  clk (IN)
                         net (fo=0)                   0.000     0.000    clk
    W5                   IBUF (Prop_ibuf_I_O)         0.226     0.226 r  clk_IBUF_inst/O
                         net (fo=1, routed)           0.631     0.858    clk_IBUF
    BUFGCTRL_X0Y0        BUFG (Prop_bufg_I_O)         0.026     0.884 r  clk_IBUF_BUFG_inst/O
                         net (fo=1129, routed)        0.585     1.468    soc_inst/cpu/clk_IBUF_BUFG
    SLICE_X5Y19          FDRE                                         r  soc_inst/cpu/mem_wdata_reg[0]/C
  -------------------------------------------------------------------    -------------------
    SLICE_X5Y19          FDRE (Prop_fdre_C_Q)         0.141     1.609 r  soc_inst/cpu/mem_wdata_reg[0]/Q
                         net (fo=20, routed)          0.135     1.744    soc_inst/memory_reg_256_511_0_0/D
    SLICE_X6Y18          RAMS64E                                      r  soc_inst/memory_reg_256_511_0_0/RAMS64E_D/I
  -------------------------------------------------------------------    -------------------

                         (clock sys_clk_pin rise edge)
                                                      0.000     0.000 r  
    W5                                                0.000     0.000 r  clk (IN)
                         net (fo=0)                   0.000     0.000    clk
    W5                   IBUF (Prop_ibuf_I_O)         0.414     0.414 r  clk_IBUF_inst/O
                         net (fo=1, routed)           0.685     1.099    clk_IBUF
    BUFGCTRL_X0Y0        BUFG (Prop_bufg_I_O)         0.029     1.128 r  clk_IBUF_BUFG_inst/O
                         net (fo=1129, routed)        0.855     1.982    soc_inst/memory_reg_256_511_0_0/WCLK
    SLICE_X6Y18          RAMS64E                                      r  soc_inst/memory_reg_256_511_0_0/RAMS64E_D/CLK
                         clock pessimism             -0.499     1.483    
    SLICE_X6Y18          RAMS64E (Hold_rams64e_CLK_I)
                                                      0.144     1.627    soc_inst/memory_reg_256_511_0_0/RAMS64E_D
  -------------------------------------------------------------------
                         required time                         -1.627    
                         arrival time                           1.744    
  -------------------------------------------------------------------
                         slack                                  0.117    

Slack (MET) :             0.130ns  (arrival time - required time)
  Source:                 soc_inst/cpu/reg_op1_reg[25]/C
                            (rising edge-triggered cell FDRE clocked by sys_clk_pin  {rise@0.000ns fall@5.000ns period=10.000ns})
  Destination:            soc_inst/cpu/alu_out_q_reg[25]/D
                            (rising edge-triggered cell FDRE clocked by sys_clk_pin  {rise@0.000ns fall@5.000ns period=10.000ns})
  Path Group:             sys_clk_pin
  Path Type:              Hold (Min at Fast Process Corner)
  Requirement:            0.000ns  (sys_clk_pin rise@0.000ns - sys_clk_pin rise@0.000ns)
  Data Path Delay:        0.264ns  (logic 0.186ns (70.355%)  route 0.078ns (29.645%))
  Logic Levels:           1  (LUT6=1)
  Clock Path Skew:        0.013ns (DCD - SCD - CPR)
    Destination Clock Delay (DCD):    1.957ns
    Source Clock Delay      (SCD):    1.445ns
    Clock Pessimism Removal (CPR):    0.499ns

    Location             Delay type                Incr(ns)  Path(ns)    Netlist Resource(s)
  -------------------------------------------------------------------    -------------------
                         (clock sys_clk_pin rise edge)
                                                      0.000     0.000 r  
    W5                                                0.000     0.000 r  clk (IN)
                         net (fo=0)                   0.000     0.000    clk
    W5                   IBUF (Prop_ibuf_I_O)         0.226     0.226 r  clk_IBUF_inst/O
                         net (fo=1, routed)           0.631     0.858    clk_IBUF
    BUFGCTRL_X0Y0        BUFG (Prop_bufg_I_O)         0.026     0.884 r  clk_IBUF_BUFG_inst/O
                         net (fo=1129, routed)        0.562     1.445    soc_inst/cpu/clk_IBUF_BUFG
    SLICE_X15Y34         FDRE                                         r  soc_inst/cpu/reg_op1_reg[25]/C
  -------------------------------------------------------------------    -------------------
    SLICE_X15Y34         FDRE (Prop_fdre_C_Q)         0.141     1.586 r  soc_inst/cpu/reg_op1_reg[25]/Q
                         net (fo=16, routed)          0.078     1.665    soc_inst/cpu/reg_op1_reg_n_0_[25]
    SLICE_X14Y34         LUT6 (Prop_lut6_I2_O)        0.045     1.710 r  soc_inst/cpu/alu_out_q[25]_i_1/O
                         net (fo=1, routed)           0.000     1.710    soc_inst/cpu/alu_out[25]
    SLICE_X14Y34         FDRE                                         r  soc_inst/cpu/alu_out_q_reg[25]/D
  -------------------------------------------------------------------    -------------------

                         (clock sys_clk_pin rise edge)
                                                      0.000     0.000 r  
    W5                                                0.000     0.000 r  clk (IN)
                         net (fo=0)                   0.000     0.000    clk
    W5                   IBUF (Prop_ibuf_I_O)         0.414     0.414 r  clk_IBUF_inst/O
                         net (fo=1, routed)           0.685     1.099    clk_IBUF
    BUFGCTRL_X0Y0        BUFG (Prop_bufg_I_O)         0.029     1.128 r  clk_IBUF_BUFG_inst/O
                         net (fo=1129, routed)        0.830     1.957    soc_inst/cpu/clk_IBUF_BUFG
    SLICE_X14Y34         FDRE                                         r  soc_inst/cpu/alu_out_q_reg[25]/C
                         clock pessimism             -0.499     1.458    
    SLICE_X14Y34         FDRE (Hold_fdre_C_D)         0.121     1.579    soc_inst/cpu/alu_out_q_reg[25]
  -------------------------------------------------------------------
                         required time                         -1.579    
                         arrival time                           1.710    
  -------------------------------------------------------------------
                         slack                                  0.130    

Slack (MET) :             0.133ns  (arrival time - required time)
  Source:                 soc_inst/cpu/mem_wdata_reg[22]/C
                            (rising edge-triggered cell FDRE clocked by sys_clk_pin  {rise@0.000ns fall@5.000ns period=10.000ns})
  Destination:            soc_inst/memory_reg_512_767_22_22/RAMS64E_D/I
                            (rising edge-triggered cell RAMS64E clocked by sys_clk_pin  {rise@0.000ns fall@5.000ns period=10.000ns})
  Path Group:             sys_clk_pin
  Path Type:              Hold (Min at Fast Process Corner)
  Requirement:            0.000ns  (sys_clk_pin rise@0.000ns - sys_clk_pin rise@0.000ns)
  Data Path Delay:        0.292ns  (logic 0.164ns (56.106%)  route 0.128ns (43.894%))
  Logic Levels:           0  
  Clock Path Skew:        0.015ns (DCD - SCD - CPR)
    Destination Clock Delay (DCD):    1.954ns
    Source Clock Delay      (SCD):    1.441ns
    Clock Pessimism Removal (CPR):    0.498ns

    Location             Delay type                Incr(ns)  Path(ns)    Netlist Resource(s)
  -------------------------------------------------------------------    -------------------
                         (clock sys_clk_pin rise edge)
                                                      0.000     0.000 r  
    W5                                                0.000     0.000 r  clk (IN)
                         net (fo=0)                   0.000     0.000    clk
    W5                   IBUF (Prop_ibuf_I_O)         0.226     0.226 r  clk_IBUF_inst/O
                         net (fo=1, routed)           0.631     0.858    clk_IBUF
    BUFGCTRL_X0Y0        BUFG (Prop_bufg_I_O)         0.026     0.884 r  clk_IBUF_BUFG_inst/O
                         net (fo=1129, routed)        0.558     1.441    soc_inst/cpu/clk_IBUF_BUFG
    SLICE_X12Y19         FDRE                                         r  soc_inst/cpu/mem_wdata_reg[22]/C
  -------------------------------------------------------------------    -------------------
    SLICE_X12Y19         FDRE (Prop_fdre_C_Q)         0.164     1.605 r  soc_inst/cpu/mem_wdata_reg[22]/Q
                         net (fo=16, routed)          0.128     1.733    soc_inst/memory_reg_512_767_22_22/D
    SLICE_X12Y18         RAMS64E                                      r  soc_inst/memory_reg_512_767_22_22/RAMS64E_D/I
  -------------------------------------------------------------------    -------------------

                         (clock sys_clk_pin rise edge)
                                                      0.000     0.000 r  
    W5                                                0.000     0.000 r  clk (IN)
                         net (fo=0)                   0.000     0.000    clk
    W5                   IBUF (Prop_ibuf_I_O)         0.414     0.414 r  clk_IBUF_inst/O
                         net (fo=1, routed)           0.685     1.099    clk_IBUF
    BUFGCTRL_X0Y0        BUFG (Prop_bufg_I_O)         0.029     1.128 r  clk_IBUF_BUFG_inst/O
                         net (fo=1129, routed)        0.827     1.954    soc_inst/memory_reg_512_767_22_22/WCLK
    SLICE_X12Y18         RAMS64E                                      r  soc_inst/memory_reg_512_767_22_22/RAMS64E_D/CLK
                         clock pessimism             -0.498     1.456    
    SLICE_X12Y18         RAMS64E (Hold_rams64e_CLK_I)
                                                      0.144     1.600    soc_inst/memory_reg_512_767_22_22/RAMS64E_D
  -------------------------------------------------------------------
                         required time                         -1.600    
                         arrival time                           1.733    
  -------------------------------------------------------------------
                         slack                                  0.133    

Slack (MET) :             0.136ns  (arrival time - required time)
  Source:                 soc_inst/cpu/mem_wdata_reg[18]/C
                            (rising edge-triggered cell FDRE clocked by sys_clk_pin  {rise@0.000ns fall@5.000ns period=10.000ns})
  Destination:            soc_inst/memory_reg_256_511_18_18/RAMS64E_D/I
                            (rising edge-triggered cell RAMS64E clocked by sys_clk_pin  {rise@0.000ns fall@5.000ns period=10.000ns})
  Path Group:             sys_clk_pin
  Path Type:              Hold (Min at Fast Process Corner)
  Requirement:            0.000ns  (sys_clk_pin rise@0.000ns - sys_clk_pin rise@0.000ns)
  Data Path Delay:        0.315ns  (logic 0.164ns (52.131%)  route 0.151ns (47.869%))
  Logic Levels:           0  
  Clock Path Skew:        0.035ns (DCD - SCD - CPR)
    Destination Clock Delay (DCD):    1.952ns
    Source Clock Delay      (SCD):    1.439ns
    Clock Pessimism Removal (CPR):    0.478ns

    Location             Delay type                Incr(ns)  Path(ns)    Netlist Resource(s)
  -------------------------------------------------------------------    -------------------
                         (clock sys_clk_pin rise edge)
                                                      0.000     0.000 r  
    W5                                                0.000     0.000 r  clk (IN)
                         net (fo=0)                   0.000     0.000    clk
    W5                   IBUF (Prop_ibuf_I_O)         0.226     0.226 r  clk_IBUF_inst/O
                         net (fo=1, routed)           0.631     0.858    clk_IBUF
    BUFGCTRL_X0Y0        BUFG (Prop_bufg_I_O)         0.026     0.884 r  clk_IBUF_BUFG_inst/O
                         net (fo=1129, routed)        0.556     1.439    soc_inst/cpu/clk_IBUF_BUFG
    SLICE_X8Y21          FDRE                                         r  soc_inst/cpu/mem_wdata_reg[18]/C
  -------------------------------------------------------------------    -------------------
    SLICE_X8Y21          FDRE (Prop_fdre_C_Q)         0.164     1.603 r  soc_inst/cpu/mem_wdata_reg[18]/Q
                         net (fo=16, routed)          0.151     1.754    soc_inst/memory_reg_256_511_18_18/D
    SLICE_X10Y20         RAMS64E                                      r  soc_inst/memory_reg_256_511_18_18/RAMS64E_D/I
  -------------------------------------------------------------------    -------------------

                         (clock sys_clk_pin rise edge)
                                                      0.000     0.000 r  
    W5                                                0.000     0.000 r  clk (IN)
                         net (fo=0)                   0.000     0.000    clk
    W5                   IBUF (Prop_ibuf_I_O)         0.414     0.414 r  clk_IBUF_inst/O
                         net (fo=1, routed)           0.685     1.099    clk_IBUF
    BUFGCTRL_X0Y0        BUFG (Prop_bufg_I_O)         0.029     1.128 r  clk_IBUF_BUFG_inst/O
                         net (fo=1129, routed)        0.825     1.952    soc_inst/memory_reg_256_511_18_18/WCLK
    SLICE_X10Y20         RAMS64E                                      r  soc_inst/memory_reg_256_511_18_18/RAMS64E_D/CLK
                         clock pessimism             -0.478     1.474    
    SLICE_X10Y20         RAMS64E (Hold_rams64e_CLK_I)
                                                      0.144     1.618    soc_inst/memory_reg_256_511_18_18/RAMS64E_D
  -------------------------------------------------------------------
                         required time                         -1.618    
                         arrival time                           1.754    
  -------------------------------------------------------------------
                         slack                                  0.136    

Slack (MET) :             0.139ns  (arrival time - required time)
  Source:                 soc_inst/cpu/mem_wdata_reg[18]/C
                            (rising edge-triggered cell FDRE clocked by sys_clk_pin  {rise@0.000ns fall@5.000ns period=10.000ns})
  Destination:            soc_inst/memory_reg_0_255_18_18/RAMS64E_D/I
                            (rising edge-triggered cell RAMS64E clocked by sys_clk_pin  {rise@0.000ns fall@5.000ns period=10.000ns})
  Path Group:             sys_clk_pin
  Path Type:              Hold (Min at Fast Process Corner)
  Requirement:            0.000ns  (sys_clk_pin rise@0.000ns - sys_clk_pin rise@0.000ns)
  Data Path Delay:        0.316ns  (logic 0.164ns (51.930%)  route 0.152ns (48.070%))
  Logic Levels:           0  
  Clock Path Skew:        0.033ns (DCD - SCD - CPR)
    Destination Clock Delay (DCD):    1.950ns
    Source Clock Delay      (SCD):    1.439ns
    Clock Pessimism Removal (CPR):    0.478ns

    Location             Delay type                Incr(ns)  Path(ns)    Netlist Resource(s)
  -------------------------------------------------------------------    -------------------
                         (clock sys_clk_pin rise edge)
                                                      0.000     0.000 r  
    W5                                                0.000     0.000 r  clk (IN)
                         net (fo=0)                   0.000     0.000    clk
    W5                   IBUF (Prop_ibuf_I_O)         0.226     0.226 r  clk_IBUF_inst/O
                         net (fo=1, routed)           0.631     0.858    clk_IBUF
    BUFGCTRL_X0Y0        BUFG (Prop_bufg_I_O)         0.026     0.884 r  clk_IBUF_BUFG_inst/O
                         net (fo=1129, routed)        0.556     1.439    soc_inst/cpu/clk_IBUF_BUFG
    SLICE_X8Y21          FDRE                                         r  soc_inst/cpu/mem_wdata_reg[18]/C
  -------------------------------------------------------------------    -------------------
    SLICE_X8Y21          FDRE (Prop_fdre_C_Q)         0.164     1.603 r  soc_inst/cpu/mem_wdata_reg[18]/Q
                         net (fo=16, routed)          0.152     1.755    soc_inst/memory_reg_0_255_18_18/D
    SLICE_X10Y22         RAMS64E                                      r  soc_inst/memory_reg_0_255_18_18/RAMS64E_D/I
  -------------------------------------------------------------------    -------------------

                         (clock sys_clk_pin rise edge)
                                                      0.000     0.000 r  
    W5                                                0.000     0.000 r  clk (IN)
                         net (fo=0)                   0.000     0.000    clk
    W5                   IBUF (Prop_ibuf_I_O)         0.414     0.414 r  clk_IBUF_inst/O
                         net (fo=1, routed)           0.685     1.099    clk_IBUF
    BUFGCTRL_X0Y0        BUFG (Prop_bufg_I_O)         0.029     1.128 r  clk_IBUF_BUFG_inst/O
                         net (fo=1129, routed)        0.823     1.950    soc_inst/memory_reg_0_255_18_18/WCLK
    SLICE_X10Y22         RAMS64E                                      r  soc_inst/memory_reg_0_255_18_18/RAMS64E_D/CLK
                         clock pessimism             -0.478     1.472    
    SLICE_X10Y22         RAMS64E (Hold_rams64e_CLK_I)
                                                      0.144     1.616    soc_inst/memory_reg_0_255_18_18/RAMS64E_D
  -------------------------------------------------------------------
                         required time                         -1.616    
                         arrival time                           1.755    
  -------------------------------------------------------------------
                         slack                                  0.139    

Slack (MET) :             0.141ns  (arrival time - required time)
  Source:                 soc_inst/cpu/mem_addr_reg[4]_rep/C
                            (rising edge-triggered cell FDRE clocked by sys_clk_pin  {rise@0.000ns fall@5.000ns period=10.000ns})
  Destination:            soc_inst/memory_reg_512_767_22_22/RAMS64E_C/ADR2
                            (rising edge-triggered cell RAMS64E clocked by sys_clk_pin  {rise@0.000ns fall@5.000ns period=10.000ns})
  Path Group:             sys_clk_pin
  Path Type:              Hold (Min at Fast Process Corner)
  Requirement:            0.000ns  (sys_clk_pin rise@0.000ns - sys_clk_pin rise@0.000ns)
  Data Path Delay:        0.429ns  (logic 0.141ns (32.881%)  route 0.288ns (67.119%))
  Logic Levels:           0  
  Clock Path Skew:        0.034ns (DCD - SCD - CPR)
    Destination Clock Delay (DCD):    1.954ns
    Source Clock Delay      (SCD):    1.442ns
    Clock Pessimism Removal (CPR):    0.478ns

    Location             Delay type                Incr(ns)  Path(ns)    Netlist Resource(s)
  -------------------------------------------------------------------    -------------------
                         (clock sys_clk_pin rise edge)
                                                      0.000     0.000 r  
    W5                                                0.000     0.000 r  clk (IN)
                         net (fo=0)                   0.000     0.000    clk
    W5                   IBUF (Prop_ibuf_I_O)         0.226     0.226 r  clk_IBUF_inst/O
                         net (fo=1, routed)           0.631     0.858    clk_IBUF
    BUFGCTRL_X0Y0        BUFG (Prop_bufg_I_O)         0.026     0.884 r  clk_IBUF_BUFG_inst/O
                         net (fo=1129, routed)        0.559     1.442    soc_inst/cpu/clk_IBUF_BUFG
    SLICE_X9Y18          FDRE                                         r  soc_inst/cpu/mem_addr_reg[4]_rep/C
  -------------------------------------------------------------------    -------------------
    SLICE_X9Y18          FDRE (Prop_fdre_C_Q)         0.141     1.583 r  soc_inst/cpu/mem_addr_reg[4]_rep/Q
                         net (fo=144, routed)         0.288     1.871    soc_inst/memory_reg_512_767_22_22/A2
    SLICE_X12Y18         RAMS64E                                      r  soc_inst/memory_reg_512_767_22_22/RAMS64E_C/ADR2
  -------------------------------------------------------------------    -------------------

                         (clock sys_clk_pin rise edge)
                                                      0.000     0.000 r  
    W5                                                0.000     0.000 r  clk (IN)
                         net (fo=0)                   0.000     0.000    clk
    W5                   IBUF (Prop_ibuf_I_O)         0.414     0.414 r  clk_IBUF_inst/O
                         net (fo=1, routed)           0.685     1.099    clk_IBUF
    BUFGCTRL_X0Y0        BUFG (Prop_bufg_I_O)         0.029     1.128 r  clk_IBUF_BUFG_inst/O
                         net (fo=1129, routed)        0.827     1.954    soc_inst/memory_reg_512_767_22_22/WCLK
    SLICE_X12Y18         RAMS64E                                      r  soc_inst/memory_reg_512_767_22_22/RAMS64E_C/CLK
                         clock pessimism             -0.478     1.476    
    SLICE_X12Y18         RAMS64E (Hold_rams64e_CLK_ADR2)
                                                      0.254     1.730    soc_inst/memory_reg_512_767_22_22/RAMS64E_C
  -------------------------------------------------------------------
                         required time                         -1.730    
                         arrival time                           1.871    
  -------------------------------------------------------------------
                         slack                                  0.141    





Pulse Width Checks
--------------------------------------------------------------------------------------
Clock Name:         sys_clk_pin
Waveform(ns):       { 0.000 5.000 }
Period(ns):         10.000
Sources:            { clk }

Check Type        Corner  Lib Pin      Reference Pin  Required(ns)  Actual(ns)  Slack(ns)  Location       Pin
Min Period        n/a     BUFG/I       n/a            2.155         10.000      7.845      BUFGCTRL_X0Y0  clk_IBUF_BUFG_inst/I
Min Period        n/a     FDRE/C       n/a            1.000         10.000      9.000      SLICE_X6Y31    soc_inst/cpu/instr_add_reg/C
Min Period        n/a     FDRE/C       n/a            1.000         10.000      9.000      SLICE_X1Y23    soc_inst/cpu/mem_do_rinst_reg/C
Min Period        n/a     FDRE/C       n/a            1.000         10.000      9.000      SLICE_X1Y22    soc_inst/cpu/mem_do_wdata_reg/C
Min Period        n/a     FDRE/C       n/a            1.000         10.000      9.000      SLICE_X11Y27   soc_inst/cpu/reg_next_pc_reg[5]/C
Min Period        n/a     FDRE/C       n/a            1.000         10.000      9.000      SLICE_X11Y27   soc_inst/cpu/reg_next_pc_reg[6]/C
Min Period        n/a     FDRE/C       n/a            1.000         10.000      9.000      SLICE_X11Y27   soc_inst/cpu/reg_next_pc_reg[7]/C
Min Period        n/a     FDRE/C       n/a            1.000         10.000      9.000      SLICE_X11Y27   soc_inst/cpu/reg_next_pc_reg[8]/C
Min Period        n/a     FDRE/C       n/a            1.000         10.000      9.000      SLICE_X11Y28   soc_inst/cpu/reg_next_pc_reg[9]/C
Min Period        n/a     FDRE/C       n/a            1.000         10.000      9.000      SLICE_X1Y24    soc_inst/cpu/reg_op2_reg[3]/C
Low Pulse Width   Slow    RAMS64E/CLK  n/a            1.250         5.000       3.750      SLICE_X12Y13   soc_inst/memory_reg_0_255_20_20/RAMS64E_A/CLK
Low Pulse Width   Slow    RAMS64E/CLK  n/a            1.250         5.000       3.750      SLICE_X12Y13   soc_inst/memory_reg_0_255_20_20/RAMS64E_B/CLK
Low Pulse Width   Slow    RAMS64E/CLK  n/a            1.250         5.000       3.750      SLICE_X12Y13   soc_inst/memory_reg_0_255_20_20/RAMS64E_C/CLK
Low Pulse Width   Slow    RAMS64E/CLK  n/a            1.250         5.000       3.750      SLICE_X12Y13   soc_inst/memory_reg_0_255_20_20/RAMS64E_D/CLK
Low Pulse Width   Slow    RAMS64E/CLK  n/a            1.250         5.000       3.750      SLICE_X10Y12   soc_inst/memory_reg_512_767_30_30/RAMS64E_A/CLK
Low Pulse Width   Slow    RAMS64E/CLK  n/a            1.250         5.000       3.750      SLICE_X10Y12   soc_inst/memory_reg_512_767_30_30/RAMS64E_B/CLK
Low Pulse Width   Slow    RAMS64E/CLK  n/a            1.250         5.000       3.750      SLICE_X10Y12   soc_inst/memory_reg_512_767_30_30/RAMS64E_C/CLK
Low Pulse Width   Slow    RAMS64E/CLK  n/a            1.250         5.000       3.750      SLICE_X10Y12   soc_inst/memory_reg_512_767_30_30/RAMS64E_D/CLK
Low Pulse Width   Slow    RAMS64E/CLK  n/a            1.250         5.000       3.750      SLICE_X14Y14   soc_inst/memory_reg_768_1023_16_16/RAMS64E_A/CLK
Low Pulse Width   Slow    RAMS64E/CLK  n/a            1.250         5.000       3.750      SLICE_X14Y12   soc_inst/memory_reg_256_511_20_20/RAMS64E_A/CLK
High Pulse Width  Slow    RAMD32/CLK   n/a            1.250         5.000       3.750      SLICE_X10Y31   soc_inst/cpu/cpuregs_reg_r1_0_31_18_23/RAMA/CLK
High Pulse Width  Slow    RAMD32/CLK   n/a            1.250         5.000       3.750      SLICE_X10Y31   soc_inst/cpu/cpuregs_reg_r1_0_31_18_23/RAMA_D1/CLK
High Pulse Width  Slow    RAMD32/CLK   n/a            1.250         5.000       3.750      SLICE_X10Y31   soc_inst/cpu/cpuregs_reg_r1_0_31_18_23/RAMB/CLK
High Pulse Width  Slow    RAMD32/CLK   n/a            1.250         5.000       3.750      SLICE_X10Y31   soc_inst/cpu/cpuregs_reg_r1_0_31_18_23/RAMB_D1/CLK
High Pulse Width  Slow    RAMD32/CLK   n/a            1.250         5.000       3.750      SLICE_X10Y31   soc_inst/cpu/cpuregs_reg_r1_0_31_18_23/RAMC/CLK
High Pulse Width  Slow    RAMD32/CLK   n/a            1.250         5.000       3.750      SLICE_X14Y25   soc_inst/cpu/cpuregs_reg_r2_0_31_6_11/RAMA/CLK
High Pulse Width  Slow    RAMD32/CLK   n/a            1.250         5.000       3.750      SLICE_X14Y25   soc_inst/cpu/cpuregs_reg_r2_0_31_6_11/RAMA_D1/CLK
High Pulse Width  Slow    RAMD32/CLK   n/a            1.250         5.000       3.750      SLICE_X14Y25   soc_inst/cpu/cpuregs_reg_r2_0_31_6_11/RAMB/CLK
High Pulse Width  Slow    RAMS64E/CLK  n/a            1.250         5.000       3.750      SLICE_X6Y14    soc_inst/memory_reg_0_255_5_5/RAMS64E_A/CLK
High Pulse Width  Slow    RAMS64E/CLK  n/a            1.250         5.000       3.750      SLICE_X6Y14    soc_inst/memory_reg_0_255_5_5/RAMS64E_B/CLK



